timestamp,sequence,raw_value,filtered_value,temperature,humidity,distance,status
2026-09-08T18:00:38.480743,0,873,873,,,16.2,NORMAL
2026-09-08T18:00:38.980601,1,864,866,28.6,58.6,15.7,NORMAL
2026-09-08T18:00:39.507269,2,851,855,28.6,58.6,16.2,NORMAL
2026-09-08T18:00:39.987220,3,841,844,28.6,58.6,16.2,NORMAL
2026-09-08T18:00:40.489549,4,837,838,28.6,58.6,17.1,NORMAL
2026-09-08T18:00:40.982115,5,839,838,28.6,58.6,16.7,NORMAL
2026-09-08T18:00:41.494105,6,843,841,28.6,58.6,17.6,NORMAL
2026-09-08T18:00:41.996659,7,847,846,28.6,58.6,16.3,NORMAL
2026-09-08T18:00:42.487436,8,841,844,28.6,58.6,16.3,NORMAL
2026-09-08T18:00:42.987571,9,832,833,28.6,58.6,16.8,NORMAL
2026-09-08T18:00:43.495200,10,829,830,28.6,58.6,15.9,NORMAL
2026-09-08T18:00:43.998470,11,827,826,28.6,58.6,16.0,NORMAL
2026-09-08T18:00:44.509961,12,835,831,28.6,58.6,49.2,NORMAL
2026-09-08T18:00:45.008137,13,834,836,28.6,58.6,47.4,NORMAL
2026-09-08T18:00:45.504730,14,826,829,28.6,58.6,51.1,NORMAL
2026-09-08T18:00:46.004980,15,824,823,28.6,58.6,46.9,NORMAL
2026-09-08T18:00:46.513435,16,821,821,28.6,58.6,47.8,NORMAL
2026-09-08T18:00:47.017887,17,824,823,28.6,58.7,47.8,NORMAL
2026-09-08T18:00:47.515789,18,831,829,28.6,58.7,48.3,NORMAL
2026-09-08T18:00:48.016850,19,828,829,28.6,58.7,48.3,NORMAL
2026-09-08T18:00:48.515905,20,822,824,28.6,58.7,48.3,NORMAL
2026-09-08T18:00:49.029178,21,817,817,28.6,58.7,48.7,NORMAL
2026-09-08T18:00:49.526556,22,817,816,28.6,58.7,48.7,NORMAL
2026-09-08T18:00:50.028555,23,820,818,28.6,58.7,47.8,NORMAL
2026-09-08T18:00:50.534436,24,828,825,28.6,58.7,48.7,NORMAL
2026-09-08T18:00:51.040430,25,820,822,28.5,58.7,48.7,NORMAL
2026-09-08T18:00:51.539489,26,814,815,28.5,58.7,47.8,NORMAL
2026-09-08T18:00:52.040544,27,816,814,28.5,58.7,48.2,NORMAL
2026-09-08T18:00:52.541036,28,816,815,28.5,58.7,47.8,NORMAL
2026-09-08T18:00:53.036225,29,824,821,28.5,58.8,48.2,NORMAL
2026-09-08T18:00:53.549632,30,825,825,28.5,58.8,49.1,NORMAL
2026-09-08T18:00:54.047710,31,819,821,28.5,58.8,20.3,NORMAL
2026-09-08T18:00:54.548438,32,813,815,28.5,58.8,16.4,NORMAL
2026-09-08T18:00:55.045057,33,809,809,28.5,58.9,16.7,NORMAL
2026-09-08T18:00:55.556007,34,812,811,28.5,58.9,16.7,NORMAL
2026-09-08T18:00:56.049807,35,820,818,28.5,58.9,17.2,NORMAL
2026-09-08T18:00:56.559802,36,815,818,28.5,58.9,16.8,NORMAL
2026-09-08T18:00:57.064483,37,807,809,28.5,58.9,16.7,NORMAL
2026-09-08T18:00:57.565449,38,810,808,28.5,58.9,15.8,NORMAL
2026-09-08T18:00:58.053229,39,813,810,28.5,58.9,16.7,NORMAL
2026-09-08T18:00:58.563452,40,821,818,28.5,58.9,48.2,NORMAL
2026-09-08T18:00:59.066824,41,823,824,28.5,58.9,47.4,NORMAL
2026-09-08T18:00:59.563880,42,817,818,28.5,58.9,47.8,NORMAL
2026-09-08T18:01:00.078472,43,812,813,28.5,58.9,49.9,NORMAL
2026-09-08T18:01:00.579759,44,812,812,28.5,58.9,49.1,NORMAL
2026-09-08T18:01:01.081195,45,821,819,28.5,58.9,48.3,NORMAL
2026-09-08T18:01:01.573410,46,826,824,28.5,58.9,48.3,NORMAL
2026-09-08T18:01:02.088626,47,818,821,28.5,58.9,48.7,NORMAL
2026-09-08T18:01:02.579921,48,814,815,28.5,58.9,48.3,NORMAL
2026-09-08T18:01:03.085612,49,813,812,28.5,59.0,48.7,NORMAL
2026-09-08T18:01:03.596799,50,815,814,28.5,59.0,49.1,NORMAL
2026-09-08T18:01:04.098093,51,824,820,28.5,59.0,47.4,NORMAL
2026-09-08T18:01:04.599718,52,823,823,28.5,59.0,47.8,NORMAL
2026-09-08T18:01:05.103079,53,811,813,28.5,59.0,48.6,NORMAL
2026-09-08T18:01:05.599427,54,812,811,28.5,59.0,47.8,NORMAL
2026-09-08T18:01:06.100732,55,814,813,28.5,59.0,49.5,NORMAL
2026-09-08T18:01:06.598065,56,816,815,28.5,59.0,50.8,NORMAL
2026-09-08T18:01:07.113987,57,820,822,28.5,59.0,48.3,NORMAL
2026-09-08T18:01:07.614544,58,814,816,28.5,59.0,48.7,NORMAL
2026-09-08T18:01:08.116244,59,810,811,28.5,59.0,48.2,NORMAL
2026-09-08T18:01:08.609045,60,807,810,28.5,59.0,47.8,NORMAL
2026-09-08T18:01:09.110363,61,818,815,28.4,59.0,46.5,NORMAL
2026-09-08T18:01:09.622178,62,820,819,28.4,59.0,14.0,NORMAL
2026-09-08T18:01:10.122496,63,818,819,28.4,59.0,14.2,NORMAL
2026-09-08T18:01:10.619359,64,810,812,28.4,59.0,15.2,NORMAL
2026-09-08T18:01:11.118809,65,811,809,28.4,59.0,47.0,NORMAL
2026-09-08T18:01:11.629881,66,811,812,28.4,59.0,18.1,NORMAL
2026-09-08T18:01:12.130405,67,811,812,28.4,59.0,16.2,NORMAL
2026-09-08T18:01:12.632691,68,820,818,28.4,59.0,16.9,NORMAL
2026-09-08T18:01:13.136126,69,812,814,28.4,59.0,16.8,NORMAL
2026-09-08T18:01:13.630140,70,805,808,28.4,59.0,16.8,NORMAL
2026-09-08T18:01:14.131139,71,806,806,28.4,59.0,16.3,NORMAL
2026-09-08T18:01:14.641936,72,811,808,28.4,59.0,16.3,NORMAL
2026-09-08T18:01:15.145631,73,819,816,28.4,59.1,16.8,NORMAL
2026-09-08T18:01:15.644366,74,818,819,28.4,59.1,16.3,NORMAL
2026-09-08T18:01:16.145149,75,809,812,28.4,59.1,16.3,NORMAL
2026-09-08T18:01:16.645281,76,808,807,28.4,59.1,16.7,NORMAL
2026-09-08T18:01:17.152729,77,811,809,28.4,59.1,16.2,NORMAL
2026-09-08T18:01:17.653558,78,819,814,28.4,59.1,17.5,NORMAL
2026-09-08T18:01:18.155583,79,820,820,28.4,59.1,16.6,NORMAL
2026-09-08T18:01:18.649517,80,817,819,28.4,59.1,16.7,NORMAL
2026-09-08T18:01:19.163599,81,808,810,28.4,59.2,16.2,NORMAL
2026-09-08T18:01:19.665842,82,809,808,28.4,59.2,16.3,NORMAL
2026-09-08T18:01:20.167206,83,811,810,28.4,59.2,16.2,NORMAL
2026-09-08T18:01:20.668532,84,818,814,28.4,59.2,16.2,NORMAL
2026-09-08T18:01:21.173798,85,818,820,28.4,59.2,17.0,NORMAL
2026-09-08T18:01:21.674252,86,813,815,28.4,59.2,16.2,NORMAL
2026-09-08T18:01:22.176111,87,808,809,28.4,59.2,16.8,NORMAL
2026-09-08T18:01:22.669341,88,809,808,28.4,59.2,16.8,NORMAL
2026-09-08T18:01:23.170123,89,820,815,28.4,59.2,45.8,NORMAL
2026-09-08T18:01:23.709574,90,827,825,28.4,59.2,,NORMAL
2026-09-08T18:01:24.179082,91,825,826,28.4,59.2,47.8,NORMAL
2026-09-08T18:01:24.679128,92,815,818,28.4,59.2,47.8,NORMAL
2026-09-08T18:01:25.182777,93,813,812,28.4,59.2,13.6,NORMAL
2026-09-08T18:01:25.689772,94,807,810,28.4,59.2,18.8,NORMAL
2026-09-08T18:01:26.183036,95,813,811,28.4,59.2,19.2,NORMAL
2026-09-08T18:01:26.689211,96,819,817,28.4,59.2,19.1,NORMAL
2026-09-08T18:01:27.189157,97,812,815,28.4,59.3,18.6,NORMAL
2026-09-08T18:01:27.689448,98,807,809,28.4,59.3,18.6,NORMAL
2026-09-08T18:01:28.200645,99,809,807,28.4,59.3,19.0,NORMAL
2026-09-08T18:01:28.699008,100,812,810,28.4,59.3,20.8,NORMAL
2026-09-08T18:01:29.205417,101,820,818,28.4,59.3,21.3,NORMAL
2026-09-08T18:01:29.710358,102,816,818,28.4,59.3,48.3,NORMAL
2026-09-08T18:01:30.212701,103,812,814,28.4,59.3,47.8,NORMAL
2026-09-08T18:01:30.700079,104,809,810,28.4,59.3,19.4,NORMAL
2026-09-08T18:01:31.216056,105,814,811,28.4,59.3,18.5,NORMAL
2026-09-08T18:01:31.715290,106,818,815,28.4,59.3,18.1,NORMAL
2026-09-08T18:01:32.220440,107,822,822,28.4,59.3,48.7,NORMAL
2026-09-08T18:01:32.720237,108,816,818,28.4,59.3,18.6,NORMAL
2026-09-08T18:01:33.225432,109,808,810,28.4,59.3,47.8,NORMAL
2026-09-08T18:01:33.720845,110,812,809,28.4,59.3,20.3,NORMAL
2026-09-08T18:01:34.227896,111,815,813,28.4,59.3,47.4,NORMAL
2026-09-08T18:01:34.723074,112,823,820,28.4,59.3,20.2,NORMAL
2026-09-08T18:01:35.231991,113,817,818,28.4,59.3,18.4,NORMAL
2026-09-08T18:01:35.728811,114,817,816,28.4,59.3,18.8,NORMAL
2026-09-08T18:01:36.233185,115,816,815,28.4,59.3,20.0,NORMAL
2026-09-08T18:01:36.732937,116,812,813,28.4,59.3,18.0,NORMAL
2026-09-08T18:01:37.238819,117,819,819,28.4,59.3,20.0,NORMAL
2026-09-08T18:01:37.728005,118,816,820,28.4,59.3,18.2,NORMAL
2026-09-08T18:01:38.245545,119,812,813,28.4,59.3,19.5,NORMAL
2026-09-08T18:01:38.744619,120,811,810,28.4,59.3,19.5,NORMAL
2026-09-08T18:01:39.243563,121,815,811,28.4,59.4,19.5,NORMAL
2026-09-08T18:01:39.750699,122,821,816,28.4,59.4,19.1,NORMAL
2026-09-08T18:01:40.251135,123,822,821,28.4,59.4,19.1,NORMAL
2026-09-08T18:01:40.754645,124,816,817,28.4,59.4,47.4,NORMAL
2026-09-08T18:01:41.258233,125,812,810,28.4,59.4,18.2,NORMAL
2026-09-08T18:01:41.758839,126,810,810,28.4,59.4,18.2,NORMAL
2026-09-08T18:01:42.259893,127,814,813,28.4,59.4,18.2,NORMAL
2026-09-08T18:01:42.760896,128,821,818,28.4,59.4,18.1,NORMAL
2026-09-08T18:01:43.263286,129,815,818,28.4,59.4,18.6,NORMAL
2026-09-08T18:01:43.764024,130,811,812,28.4,59.4,17.8,NORMAL
2026-09-08T18:01:44.261400,131,811,811,28.4,59.4,47.4,NORMAL
2026-09-08T18:01:44.769350,132,813,812,28.4,59.4,48.3,NORMAL
2026-09-08T18:01:45.276449,133,821,818,28.4,59.4,48.3,NORMAL
2026-09-08T18:01:45.775935,134,819,820,28.4,59.4,47.4,NORMAL
2026-09-08T18:01:46.277572,135,811,813,28.4,59.4,19.1,NORMAL
2026-09-08T18:01:46.778568,136,809,809,28.4,59.4,20.1,NORMAL
2026-09-08T18:01:47.282913,137,813,812,28.3,59.4,18.3,NORMAL
2026-09-08T18:01:47.781666,138,819,816,28.3,59.4,47.4,NORMAL
2026-09-08T18:01:48.287528,139,824,822,28.3,59.4,47.8,NORMAL
2026-09-08T18:01:48.788417,140,816,819,28.3,59.4,20.6,NORMAL
2026-09-08T18:01:49.284176,141,811,811,28.4,59.4,17.8,NORMAL
2026-09-08T18:01:49.792976,142,812,811,28.4,59.4,18.2,NORMAL
2026-09-08T18:01:50.294300,143,816,814,28.4,59.4,18.2,NORMAL
2026-09-08T18:01:50.795539,144,824,820,28.4,59.4,18.3,NORMAL
2026-09-08T18:01:51.298947,145,815,817,28.4,59.4,20.1,NORMAL
2026-09-08T18:01:51.800830,146,810,811,28.4,59.4,19.3,NORMAL
2026-09-08T18:01:52.301743,147,809,810,28.4,59.4,17.6,NORMAL
2026-09-08T18:01:52.804027,148,814,813,28.4,59.4,18.1,NORMAL
2026-09-08T18:01:53.307889,149,825,822,28.4,59.4,17.7,NORMAL
2026-09-08T18:01:53.802020,150,826,827,28.4,59.4,47.5,NORMAL
2026-09-08T18:01:54.302637,151,819,822,28.4,59.4,48.3,NORMAL
2026-09-08T18:01:54.803981,152,815,815,28.4,59.4,47.4,NORMAL
2026-09-08T18:01:55.315671,153,819,817,28.3,59.5,15.9,NORMAL
2026-09-08T18:01:55.818240,154,820,819,28.3,59.5,19.9,NORMAL
2026-09-08T18:01:56.318675,155,820,821,28.3,59.5,22.1,NORMAL
2026-09-08T18:01:56.818885,156,814,815,28.3,59.5,18.2,NORMAL
2026-09-08T18:01:57.324532,157,807,808,28.3,59.5,18.6,NORMAL
2026-09-08T18:01:57.821309,158,811,809,28.3,59.5,18.2,NORMAL
2026-09-08T18:01:58.320344,159,815,812,28.3,59.5,18.2,NORMAL
2026-09-08T18:01:58.824493,160,822,820,28.3,59.5,18.2,NORMAL
2026-09-08T18:01:59.329749,161,812,815,28.3,59.4,19.2,NORMAL
2026-09-08T18:01:59.833283,162,807,809,28.3,59.4,20.2,NORMAL
2026-09-08T18:02:00.331182,163,811,809,28.3,59.4,18.5,NORMAL
2026-09-08T18:02:00.836058,164,814,811,28.3,59.4,18.5,NORMAL
2026-09-08T18:02:01.341199,165,821,819,28.3,59.5,19.0,NORMAL
2026-09-08T18:02:01.840371,166,816,817,28.3,59.5,18.6,NORMAL
2026-09-08T18:02:02.342002,167,809,811,28.3,59.5,18.5,NORMAL
2026-09-08T18:02:02.838492,168,810,809,28.3,59.5,17.6,NORMAL
2026-09-08T18:02:03.340664,169,814,812,28.3,59.4,17.6,NORMAL
2026-09-08T18:02:03.850079,170,821,818,28.3,59.4,17.6,NORMAL
2026-09-08T18:02:04.353193,171,823,821,28.3,59.4,17.1,NORMAL
2026-09-08T18:02:04.853987,172,820,823,28.3,59.4,46.9,NORMAL
2026-09-08T18:02:05.354447,173,816,816,28.3,59.5,48.3,NORMAL
2026-09-08T18:02:05.860724,174,820,817,28.3,59.5,47.8,NORMAL
2026-09-08T18:02:06.361860,175,824,821,28.3,59.5,47.8,NORMAL
2026-09-08T18:02:06.864722,176,829,828,28.3,59.5,48.3,NORMAL
2026-09-08T18:02:07.358864,177,817,822,28.3,59.5,48.3,NORMAL
2026-09-08T18:02:07.860723,178,815,815,28.3,59.5,46.5,NORMAL
2026-09-08T18:02:08.361949,179,815,814,28.3,59.5,18.5,NORMAL
2026-09-08T18:02:08.861004,180,819,817,28.3,59.5,16.8,NORMAL
2026-09-08T18:02:09.373919,181,827,826,28.3,59.5,6.0,WARNING
2026-09-08T18:02:09.871140,182,823,824,28.3,59.5,5.1,WARNING
2026-09-08T18:02:10.373468,183,816,818,28.3,59.5,5.3,WARNING
2026-09-08T18:02:10.870267,184,818,816,28.3,59.5,11.3,NORMAL
2026-09-08T18:02:11.373427,185,823,818,28.3,59.5,17.0,NORMAL
2026-09-08T18:02:11.877803,186,825,823,28.3,59.5,17.8,NORMAL
2026-09-08T18:02:12.373560,187,822,823,28.3,59.5,16.9,NORMAL
2026-09-08T18:02:12.881129,188,815,816,28.3,59.5,48.7,NORMAL
2026-09-08T18:02:13.394145,189,814,812,28.3,59.5,48.3,NORMAL
2026-09-08T18:02:13.881492,190,817,816,28.3,59.5,47.0,NORMAL
2026-09-08T18:02:14.392703,191,822,821,28.3,59.5,47.0,NORMAL
2026-09-08T18:02:14.896702,192,821,822,28.3,59.5,47.4,NORMAL
2026-09-08T18:02:15.396054,193,811,814,28.3,59.5,47.0,NORMAL
2026-09-08T18:02:15.888019,194,812,812,28.3,59.5,48.7,NORMAL
2026-09-08T18:02:16.403623,195,814,814,28.3,59.5,47.8,NORMAL
2026-09-08T18:02:16.904240,196,825,819,28.3,59.5,48.7,NORMAL
2026-09-08T18:02:17.400577,197,821,824,28.3,59.5,46.9,NORMAL
2026-09-08T18:02:17.907700,198,814,815,28.3,59.5,46.6,NORMAL
2026-09-08T18:02:18.404380,199,811,811,28.3,59.5,47.4,NORMAL
2026-09-08T18:02:18.913841,200,812,811,28.3,59.5,47.8,NORMAL
2026-09-08T18:02:19.412580,201,825,820,28.3,59.6,47.4,NORMAL
2026-09-08T18:02:19.911833,202,823,823,28.3,59.6,47.0,NORMAL
2026-09-08T18:02:20.409926,203,814,817,28.3,59.6,47.4,NORMAL
2026-09-08T18:02:20.922835,204,812,812,28.3,59.6,47.4,NORMAL
2026-09-08T18:02:21.421814,205,814,812,28.3,59.6,47.4,NORMAL
2026-09-08T18:02:21.928331,206,824,817,28.3,59.6,47.0,NORMAL
2026-09-08T18:02:22.427793,207,824,824,28.3,59.6,47.0,NORMAL
2026-09-08T18:02:22.930922,208,818,820,28.3,59.6,47.4,NORMAL
2026-09-08T18:02:23.434466,209,810,811,28.2,59.6,47.4,NORMAL
2026-09-08T18:02:23.935867,210,813,811,28.2,59.6,47.0,NORMAL
2026-09-08T18:02:24.432092,211,817,814,28.2,59.6,47.4,NORMAL
2026-09-08T18:02:24.937762,212,823,821,28.2,59.6,47.4,NORMAL
2026-09-08T18:02:25.430009,213,813,816,28.3,59.7,47.4,NORMAL
2026-09-08T18:02:25.944611,214,812,811,28.3,59.7,47.0,NORMAL
2026-09-08T18:02:26.447340,215,812,811,28.3,59.7,47.4,NORMAL
2026-09-08T18:02:26.941094,216,809,812,28.3,59.7,47.0,NORMAL
2026-09-08T18:02:27.452544,217,822,821,28.3,59.7,47.0,NORMAL
2026-09-08T18:02:27.942331,218,809,818,28.3,59.7,47.0,NORMAL
2026-09-08T18:02:28.454950,219,812,811,28.3,59.7,47.0,NORMAL
2026-09-08T18:02:28.958585,220,816,812,28.3,59.7,46.6,NORMAL
2026-09-08T18:02:29.452010,221,820,816,28.3,59.7,47.9,NORMAL
2026-09-08T18:02:29.954882,222,824,825,28.3,59.7,47.4,NORMAL
2026-09-08T18:02:30.463222,223,816,818,28.3,59.7,47.4,NORMAL
2026-09-08T18:02:30.967767,224,811,813,28.3,59.7,47.4,NORMAL
2026-09-08T18:02:31.467235,225,811,813,28.3,59.7,47.0,NORMAL
2026-09-08T18:02:31.964299,226,822,819,28.3,59.7,47.8,NORMAL
2026-09-08T18:02:32.475160,227,825,823,28.3,59.7,47.9,NORMAL
2026-09-08T18:02:32.974769,228,817,820,28.3,59.7,47.4,NORMAL
2026-09-08T18:02:33.473746,229,813,813,28.3,59.8,47.9,NORMAL
2026-09-08T18:02:33.981510,230,812,811,28.3,59.8,48.3,NORMAL
2026-09-08T18:02:34.482363,231,819,816,28.3,59.8,47.9,NORMAL
2026-09-08T18:02:34.984614,232,822,821,28.3,59.8,47.4,NORMAL
2026-09-08T18:02:35.485042,233,816,820,28.3,59.8,47.4,NORMAL
2026-09-08T18:02:35.990742,234,808,812,28.3,59.8,47.8,NORMAL
2026-09-08T18:02:36.483381,235,811,811,28.3,59.8,47.5,NORMAL
2026-09-08T18:02:36.982673,236,816,813,28.3,59.8,47.5,NORMAL
2026-09-08T18:02:37.495423,237,826,820,28.4,59.7,9.4,WARNING
2026-09-08T18:02:37.993304,238,822,825,28.4,59.7,21.2,NORMAL
2026-09-08T18:02:38.493815,239,814,816,28.4,59.7,21.0,NORMAL
2026-09-08T18:02:38.996696,240,811,812,28.4,59.7,18.2,NORMAL
2026-09-08T18:02:39.502845,241,812,811,28.4,59.7,18.2,NORMAL
2026-09-08T18:02:40.007019,242,821,816,28.4,59.7,18.6,NORMAL
2026-09-08T18:02:40.506985,243,819,819,28.4,59.7,18.1,NORMAL
2026-09-08T18:02:41.003856,244,813,814,28.4,59.7,18.5,NORMAL
2026-09-08T18:02:41.508120,245,807,809,28.4,59.7,17.2,NORMAL
2026-09-08T18:02:42.014654,246,809,807,28.4,59.7,17.2,NORMAL
2026-09-08T18:02:42.515159,247,811,811,28.4,59.7,17.6,NORMAL
2026-09-08T18:02:43.016880,248,821,817,28.4,59.7,18.7,NORMAL
2026-09-08T18:02:43.513872,249,810,814,28.4,59.6,18.4,NORMAL
2026-09-08T18:02:44.007829,250,810,813,28.4,59.6,17.8,NORMAL
2026-09-08T18:02:44.523777,251,810,808,28.4,59.6,19.6,NORMAL
2026-09-08T18:02:45.024599,252,816,812,28.4,59.6,18.4,NORMAL
2026-09-08T18:02:45.526757,253,822,819,28.4,59.6,18.9,NORMAL
2026-09-08T18:02:46.031085,254,819,819,28.4,59.6,18.0,NORMAL
2026-09-08T18:02:46.534366,255,813,816,28.4,59.6,47.9,NORMAL
2026-09-08T18:02:47.029293,256,818,814,28.4,59.6,18.7,NORMAL
2026-09-08T18:02:47.534453,257,817,814,28.4,59.6,18.1,NORMAL
2026-09-08T18:02:48.035812,258,823,821,28.4,59.6,17.6,NORMAL
2026-09-08T18:02:48.539764,259,826,822,28.4,59.6,47.8,NORMAL
2026-09-08T18:02:49.035383,260,815,820,28.4,59.6,47.8,NORMAL
2026-09-08T18:02:49.548280,261,812,812,28.4,59.6,48.2,NORMAL
2026-09-08T18:02:50.048664,262,813,813,28.4,59.6,47.8,NORMAL
2026-09-08T18:02:50.545815,263,822,818,28.4,59.6,47.4,NORMAL
2026-09-08T18:02:51.053010,264,825,823,28.4,59.6,48.2,NORMAL
2026-09-08T18:02:51.556023,265,814,817,28.4,59.5,48.2,NORMAL
2026-09-08T18:02:52.057765,266,812,811,28.4,59.5,47.8,NORMAL
2026-09-08T18:02:52.557571,267,811,811,28.4,59.5,49.0,NORMAL
2026-09-08T18:02:53.061705,268,816,814,28.4,59.5,48.6,NORMAL
2026-09-08T18:02:53.565423,269,821,822,28.5,59.5,48.6,NORMAL
2026-09-08T18:02:54.067583,270,812,816,28.5,59.5,48.6,NORMAL
2026-09-08T18:02:54.569546,271,811,811,28.5,59.5,48.2,NORMAL
2026-09-08T18:02:55.070073,272,813,812,28.5,59.5,45.9,NORMAL
2026-09-08T18:02:55.574105,273,818,814,28.4,59.5,53.1,NORMAL
2026-09-08T18:02:56.065914,274,821,821,28.4,59.5,47.4,NORMAL
2026-09-08T18:02:56.565304,275,813,816,28.4,59.5,18.6,NORMAL
2026-09-08T18:02:57.075774,276,807,808,28.4,59.5,16.4,NORMAL
2026-09-08T18:02:57.578531,277,810,808,28.5,59.4,48.6,NORMAL
2026-09-08T18:02:58.070951,278,813,810,28.5,59.4,18.9,NORMAL
2026-09-08T18:02:58.578065,279,821,816,28.5,59.4,16.9,NORMAL
2026-09-08T18:02:59.084735,280,817,818,28.5,59.4,18.7,NORMAL
2026-09-08T18:02:59.590055,281,805,810,28.5,59.4,17.8,NORMAL
2026-09-08T18:03:00.088673,282,808,807,28.5,59.4,17.3,NORMAL
2026-09-08T18:03:00.593325,283,811,810,28.5,59.4,47.8,NORMAL
2026-09-08T18:03:01.095017,284,815,813,28.5,59.4,47.8,NORMAL
2026-09-08T18:03:01.598007,285,819,819,28.5,59.3,16.9,NORMAL
2026-09-08T18:03:02.098873,286,811,814,28.5,59.3,17.4,NORMAL
2026-09-08T18:03:02.600115,287,810,810,28.5,59.3,17.4,NORMAL
2026-09-08T18:03:03.096495,288,811,809,28.5,59.3,17.4,NORMAL
2026-09-08T18:03:03.600542,289,818,814,28.5,59.3,17.8,NORMAL
2026-09-08T18:03:04.096643,290,821,820,28.5,59.3,17.8,NORMAL
2026-09-08T18:03:04.602326,291,819,820,28.5,59.3,17.8,NORMAL
2026-09-08T18:03:05.108179,292,811,814,28.5,59.3,17.4,NORMAL
2026-09-08T18:03:05.614314,293,810,810,28.5,59.3,17.4,NORMAL
2026-09-08T18:03:06.105899,294,813,812,28.5,59.3,17.4,NORMAL
2026-09-08T18:03:06.613956,295,819,816,28.5,59.3,17.4,NORMAL
2026-09-08T18:03:07.118883,296,823,822,28.5,59.3,17.4,NORMAL
2026-09-08T18:03:07.622641,297,813,815,28.5,59.3,17.0,NORMAL
2026-09-08T18:03:08.115343,298,809,810,28.5,59.3,17.4,NORMAL
2026-09-08T18:03:08.626044,299,812,810,28.5,59.3,17.0,NORMAL
2026-09-08T18:03:09.127410,300,814,812,28.5,59.3,17.0,NORMAL
2026-09-08T18:03:09.630676,301,822,820,28.5,59.3,17.4,NORMAL
2026-09-08T18:03:10.133144,302,815,819,28.5,59.3,17.0,NORMAL
2026-09-08T18:03:10.633128,303,811,813,28.5,59.3,17.4,NORMAL
2026-09-08T18:03:11.129914,304,810,809,28.5,59.3,17.4,NORMAL
2026-09-08T18:03:11.638418,305,814,812,28.5,59.2,17.5,NORMAL
2026-09-08T18:03:12.139552,306,822,818,28.5,59.2,17.1,NORMAL
2026-09-08T18:03:12.642809,307,822,822,28.5,59.2,17.5,NORMAL
2026-09-08T18:03:13.136093,308,814,816,28.5,59.2,17.5,NORMAL
2026-09-08T18:03:13.644772,309,809,810,28.5,59.2,17.0,NORMAL
2026-09-08T18:03:14.149521,310,810,810,28.5,59.2,17.5,NORMAL
2026-09-08T18:03:14.650489,311,814,814,28.5,59.2,17.0,NORMAL
2026-09-08T18:03:15.151991,312,823,820,28.5,59.2,19.9,NORMAL
2026-09-08T18:03:15.649669,313,813,818,28.5,59.1,18.4,NORMAL
2026-09-08T18:03:16.160382,314,813,812,28.5,59.1,16.8,NORMAL
2026-09-08T18:03:16.652652,315,816,817,28.5,59.1,48.2,NORMAL
2026-09-08T18:03:17.163447,316,819,818,28.5,59.1,48.2,NORMAL
2026-09-08T18:03:17.669394,317,827,826,28.5,59.1,48.6,NORMAL
2026-09-08T18:03:18.155991,318,821,824,28.5,59.1,15.1,NORMAL
2026-09-08T18:03:18.669883,319,808,813,28.5,59.1,15.5,NORMAL
2026-09-08T18:03:19.172251,320,809,809,28.5,59.1,15.4,NORMAL
2026-09-08T18:03:19.675991,321,818,814,28.5,59.1,15.9,NORMAL
2026-09-08T18:03:20.177256,322,822,821,28.5,59.1,16.2,NORMAL
2026-09-08T18:03:20.673098,323,824,821,28.5,59.1,18.4,NORMAL
2026-09-08T18:03:21.171015,324,816,819,28.5,59.1,47.4,NORMAL
2026-09-08T18:03:21.673923,325,816,815,28.5,59.1,48.2,NORMAL
2026-09-08T18:03:22.185557,326,818,817,28.5,59.1,51.1,NORMAL
2026-09-08T18:03:22.685683,327,825,824,28.5,59.1,16.1,NORMAL
2026-09-08T18:03:23.187619,328,816,821,28.5,59.1,48.6,NORMAL
2026-09-08T18:03:23.686146,329,806,808,28.5,59.1,16.8,NORMAL
2026-09-08T18:03:24.185656,330,808,807,28.5,59.1,16.4,NORMAL
2026-09-08T18:03:24.698053,331,814,811,28.5,59.1,16.4,NORMAL
2026-09-08T18:03:25.199894,332,819,816,28.5,59.1,16.4,NORMAL
2026-09-08T18:03:25.697953,333,812,814,28.5,59.1,16.5,NORMAL
2026-09-08T18:03:26.206551,334,809,809,28.5,59.1,16.4,NORMAL
2026-09-08T18:03:26.707473,335,811,809,28.5,59.1,16.6,NORMAL
2026-09-08T18:03:27.195613,336,813,811,28.5,59.1,16.6,NORMAL
2026-09-08T18:03:27.710004,337,820,818,28.5,59.1,16.6,NORMAL
2026-09-08T18:03:28.211569,338,814,816,28.5,59.1,16.2,NORMAL
2026-09-08T18:03:28.710743,339,809,811,28.5,59.1,17.1,NORMAL
2026-09-08T18:03:29.204678,340,810,809,28.5,59.1,17.1,NORMAL
2026-09-08T18:03:29.723814,341,819,814,28.5,59.1,17.5,NORMAL
2026-09-08T18:03:30.224288,342,822,821,28.5,59.1,16.1,NORMAL
2026-09-08T18:03:30.725955,343,818,819,28.5,59.1,16.5,NORMAL
2026-09-08T18:03:31.221816,344,819,816,28.5,59.1,16.6,NORMAL
2026-09-08T18:03:31.732509,345,815,812,28.5,59.1,16.6,NORMAL
2026-09-08T18:03:32.233555,346,817,814,28.5,59.1,16.1,NORMAL
2026-09-08T18:03:32.734315,347,823,820,28.5,59.1,17.4,NORMAL
2026-09-08T18:03:33.232073,348,820,821,28.5,59.1,16.6,NORMAL
2026-09-08T18:03:33.736852,349,815,814,28.5,59.1,48.6,NORMAL
2026-09-08T18:03:34.244566,350,817,815,28.5,59.1,47.8,NORMAL
2026-09-08T18:03:34.736223,351,820,818,28.5,59.1,49.0,NORMAL
2026-09-08T18:03:35.249407,352,827,823,28.5,59.1,49.9,NORMAL
2026-09-08T18:03:35.739037,353,816,821,28.5,59.1,49.0,NORMAL
2026-09-08T18:03:36.254467,354,813,814,28.5,59.1,49.0,NORMAL
2026-09-08T18:03:36.753453,355,815,814,28.5,59.1,51.9,NORMAL
2026-09-08T18:03:37.254903,356,819,816,28.5,59.1,48.1,NORMAL
2026-09-08T18:03:37.761616,357,823,823,28.5,59.1,48.6,NORMAL
2026-09-08T18:03:38.252292,358,820,821,28.5,59.1,17.7,NORMAL
2026-09-08T18:03:38.764403,359,811,813,28.5,59.1,17.8,NORMAL
2026-09-08T18:03:39.265615,360,809,808,28.5,59.1,20.0,NORMAL
2026-09-08T18:03:39.765746,361,820,815,28.5,59.1,48.6,NORMAL
2026-09-08T18:03:40.263222,362,822,821,28.5,59.1,18.4,NORMAL
2026-09-08T18:03:40.772481,363,812,816,28.5,59.1,18.3,NORMAL
2026-09-08T18:03:41.274539,364,812,811,28.5,59.1,17.5,NORMAL
2026-09-08T18:03:41.781134,365,815,814,28.5,59.1,48.2,NORMAL
2026-09-08T18:03:42.280974,366,825,819,28.5,59.1,15.6,NORMAL
2026-09-08T18:03:42.782171,367,827,826,28.5,59.1,15.4,NORMAL
2026-09-08T18:03:43.272985,368,822,823,28.5,59.1,15.9,NORMAL
2026-09-08T18:03:43.785416,369,815,815,28.5,59.1,17.5,NORMAL
2026-09-08T18:03:44.291720,370,816,814,28.5,59.1,47.0,NORMAL
2026-09-08T18:03:44.782332,371,821,818,28.5,59.1,17.0,NORMAL
2026-09-08T18:03:45.293378,372,827,826,28.5,59.1,17.0,NORMAL
2026-09-08T18:03:45.785410,373,814,816,28.5,59.0,17.5,NORMAL
2026-09-08T18:03:46.298214,374,813,813,28.5,59.0,48.6,NORMAL
2026-09-08T18:03:46.800611,375,815,814,28.5,59.0,16.7,NORMAL
2026-09-08T18:03:47.295305,376,819,816,28.5,59.0,20.5,NORMAL
2026-09-08T18:03:47.809325,377,824,824,28.5,59.0,47.8,NORMAL
2026-09-08T18:03:48.306504,378,813,817,28.5,59.0,18.8,NORMAL
2026-09-08T18:03:48.807616,379,813,812,28.5,59.0,17.9,NORMAL
2026-09-08T18:03:49.308353,380,814,813,28.5,59.0,47.8,NORMAL
2026-09-08T18:03:49.813227,381,827,821,28.5,59.1,19.7,NORMAL
2026-09-08T18:03:50.318575,382,824,825,28.5,59.1,19.7,NORMAL
2026-09-08T18:03:50.813382,383,816,819,28.5,59.1,18.8,NORMAL
2026-09-08T18:03:51.316228,384,811,812,28.5,59.1,47.8,NORMAL
2026-09-08T18:03:51.828168,385,814,813,28.5,59.0,48.2,NORMAL
2026-09-08T18:03:52.329861,386,824,820,28.5,59.0,47.4,NORMAL
2026-09-08T18:03:52.828845,387,825,825,28.5,59.0,18.3,NORMAL
2026-09-08T18:03:53.327516,388,817,819,28.5,59.0,20.0,NORMAL
2026-09-08T18:03:53.832006,389,812,812,28.5,59.0,18.6,NORMAL
2026-09-08T18:03:54.328080,390,815,813,28.5,59.0,18.6,NORMAL
2026-09-08T18:03:54.834633,391,825,819,28.5,59.0,19.0,NORMAL
2026-09-08T18:03:55.342448,392,827,825,28.5,59.0,47.4,NORMAL
2026-09-08T18:03:55.843307,393,813,814,28.5,59.0,47.4,NORMAL
2026-09-08T18:03:56.342156,394,812,812,28.5,59.0,50.4,NORMAL
2026-09-08T18:03:56.843283,395,813,811,28.5,59.0,47.8,NORMAL
2026-09-08T18:03:57.349102,396,822,817,28.5,59.0,48.7,NORMAL
2026-09-08T18:03:57.855614,397,819,820,28.5,59.1,46.6,NORMAL
2026-09-08T18:03:58.346352,398,813,814,28.5,59.1,19.4,NORMAL
2026-09-08T18:03:58.854875,399,811,811,28.5,59.1,48.2,NORMAL
2026-09-08T18:03:59.360410,400,813,812,28.5,59.1,48.6,NORMAL
2026-09-08T18:03:59.865876,401,824,822,28.5,59.1,47.7,NORMAL
2026-09-08T18:04:00.356605,402,819,821,28.5,59.1,47.7,NORMAL
2026-09-08T18:04:00.859745,403,812,814,28.5,59.1,47.7,NORMAL
2026-09-08T18:04:01.370424,404,811,810,28.5,59.1,47.7,NORMAL
2026-09-08T18:04:01.875238,405,818,813,28.5,59.0,48.2,NORMAL
2026-09-08T18:04:02.369000,406,823,821,28.5,59.0,47.7,NORMAL
2026-09-08T18:04:02.875562,407,821,823,28.5,59.0,47.7,NORMAL
2026-09-08T18:04:03.365048,408,814,816,28.5,59.0,48.2,NORMAL
2026-09-08T18:04:03.879125,409,811,811,28.5,59.1,49.0,NORMAL
2026-09-08T18:04:04.378001,410,813,814,28.5,59.1,47.7,NORMAL
2026-09-08T18:04:04.878010,411,824,821,28.5,59.1,47.7,NORMAL
2026-09-08T18:04:05.374689,412,824,823,28.5,59.1,48.1,NORMAL
2026-09-08T18:04:05.883408,413,812,813,28.5,59.1,47.7,NORMAL
2026-09-08T18:04:06.388289,414,812,811,28.5,59.1,48.1,NORMAL
2026-09-08T18:04:06.884203,415,815,813,28.5,59.1,47.7,NORMAL
2026-09-08T18:04:07.396554,416,824,818,28.5,59.1,49.0,NORMAL
2026-09-08T18:04:07.903472,417,817,819,28.5,59.1,47.7,NORMAL
2026-09-08T18:04:08.404198,418,813,814,28.5,59.1,47.7,NORMAL
2026-09-08T18:04:08.905755,419,810,811,28.5,59.1,47.3,NORMAL
2026-09-08T18:04:09.396496,420,815,812,28.5,59.1,48.2,NORMAL
2026-09-08T18:04:09.913248,421,826,822,28.5,59.1,48.2,NORMAL
2026-09-08T18:04:10.412956,422,823,823,28.5,59.1,47.7,NORMAL
2026-09-08T18:04:10.915996,423,811,815,28.5,59.1,47.3,NORMAL
2026-09-08T18:04:11.417157,424,812,812,28.5,59.1,47.3,NORMAL
2026-09-08T18:04:11.919376,425,814,814,28.5,59.1,47.3,NORMAL
2026-09-08T18:04:12.422481,426,826,820,28.5,59.1,47.7,NORMAL
2026-09-08T18:04:12.925059,427,820,823,28.5,59.1,47.3,NORMAL
2026-09-08T18:04:13.424688,428,816,818,28.5,59.1,47.7,NORMAL
2026-09-08T18:04:13.926341,429,812,813,28.5,59.0,47.8,NORMAL
2026-09-08T18:04:14.433569,430,814,813,28.5,59.0,47.3,NORMAL
2026-09-08T18:04:14.934879,431,823,818,28.5,59.0,49.5,NORMAL
2026-09-08T18:04:15.434423,432,826,825,28.5,59.0,26.4,NORMAL
2026-09-08T18:04:15.933264,433,814,817,28.5,59.0,17.0,NORMAL
2026-09-08T18:04:16.436584,434,812,812,28.5,59.0,17.9,NORMAL
2026-09-08T18:04:16.932463,435,814,812,28.5,59.0,19.6,NORMAL
2026-09-08T18:04:17.443445,436,816,815,28.5,59.0,18.1,NORMAL
2026-09-08T18:04:17.943206,437,822,822,28.5,59.0,18.1,NORMAL
2026-09-08T18:04:18.445611,438,814,817,28.5,59.0,18.1,NORMAL
2026-09-08T18:04:18.947579,439,813,813,28.5,59.0,17.6,NORMAL
2026-09-08T18:04:19.452042,440,813,811,28.5,59.0,17.6,NORMAL
2026-09-08T18:04:19.958276,441,825,818,28.5,59.0,17.6,NORMAL
2026-09-08T18:04:20.447031,442,825,824,28.5,59.0,17.6,NORMAL
2026-09-08T18:04:20.961186,443,820,822,28.5,59.0,18.1,NORMAL
2026-09-08T18:04:21.461495,444,813,815,28.5,59.0,18.1,NORMAL
2026-09-08T18:04:21.967299,445,816,813,28.5,59.0,19.0,NORMAL
2026-09-08T18:04:22.464838,446,818,815,28.5,59.0,18.1,NORMAL
2026-09-08T18:04:22.957039,447,825,822,28.5,59.0,18.1,NORMAL
2026-09-08T18:04:23.461602,448,821,824,28.5,59.0,18.1,NORMAL
2026-09-08T18:04:23.976892,449,811,813,28.5,59.0,47.8,NORMAL
2026-09-08T18:04:24.471532,450,810,811,28.5,59.0,19.0,NORMAL
2026-09-08T18:04:24.978885,451,815,814,28.5,59.0,19.0,NORMAL
2026-09-08T18:04:25.473693,452,824,818,28.5,59.0,19.4,NORMAL
2026-09-08T18:04:25.985768,453,820,822,28.5,59.0,21.0,NORMAL
2026-09-08T18:04:26.479927,454,814,815,28.5,59.0,47.0,NORMAL
2026-09-08T18:04:26.986041,455,811,812,28.5,59.0,18.8,NORMAL
2026-09-08T18:04:27.491038,456,816,813,28.5,59.0,18.8,NORMAL
2026-09-08T18:04:27.993560,457,823,819,28.4,59.0,19.7,NORMAL
2026-09-08T18:04:28.493693,458,822,823,28.4,59.0,24.4,NORMAL
2026-09-08T18:04:28.993074,459,817,820,28.4,59.0,47.8,NORMAL
2026-09-08T18:04:29.499229,460,812,813,28.4,59.0,18.8,NORMAL
2026-09-08T18:04:30.001895,461,812,812,28.4,59.0,17.9,NORMAL
2026-09-08T18:04:30.489748,462,816,814,28.4,59.0,17.9,NORMAL
2026-09-08T18:04:31.001244,463,825,821,28.4,59.0,17.9,NORMAL
2026-09-08T18:04:31.503626,464,825,823,28.4,59.0,17.9,NORMAL
2026-09-08T18:04:32.004282,465,814,817,28.4,59.0,17.9,NORMAL
2026-09-08T18:04:32.506017,466,811,811,28.4,59.0,17.9,NORMAL
2026-09-08T18:04:33.001206,467,814,812,28.4,59.0,17.9,NORMAL
2026-09-08T18:04:33.515453,468,816,814,28.4,59.0,17.9,NORMAL
2026-09-08T18:04:34.007692,469,825,821,28.4,59.2,17.9,NORMAL
2026-09-08T18:04:34.518398,470,820,822,28.4,59.2,17.9,NORMAL
2026-09-08T18:04:35.022845,471,813,816,28.4,59.2,47.8,NORMAL
2026-09-08T18:04:35.525886,472,809,811,28.4,59.2,48.7,NORMAL
2026-09-08T18:04:36.026723,473,814,812,28.4,59.2,48.3,NORMAL
2026-09-08T18:04:36.518318,474,820,816,28.4,59.2,49.1,NORMAL
2026-09-08T18:04:37.023874,475,823,822,28.4,59.2,49.5,NORMAL
2026-09-08T18:04:37.530970,476,818,820,28.4,59.2,50.8,NORMAL
2026-09-08T18:04:38.031914,477,811,813,28.4,59.2,57.5,NORMAL
2026-09-08T18:04:38.550818,478,810,810,28.4,59.2,,NORMAL
2026-09-08T18:04:39.041316,479,812,810,28.4,59.2,48.6,NORMAL
2026-09-08T18:04:39.534507,480,821,816,28.4,59.2,30.4,NORMAL
2026-09-08T18:04:40.033839,481,821,822,28.4,59.2,47.8,NORMAL
2026-09-08T18:04:40.534601,482,818,819,28.4,59.2,16.7,NORMAL
2026-09-08T18:04:41.046976,483,814,814,28.4,59.2,16.8,NORMAL
2026-09-08T18:04:41.539706,484,812,812,28.4,59.2,16.8,NORMAL
2026-09-08T18:04:42.052478,485,818,815,28.4,59.2,16.8,NORMAL
2026-09-08T18:04:42.553326,486,823,821,28.4,59.2,16.8,NORMAL
2026-09-08T18:04:43.056012,487,824,824,28.4,59.2,16.8,NORMAL
2026-09-08T18:04:43.557124,488,816,819,28.4,59.2,16.8,NORMAL
2026-09-08T18:04:44.060767,489,813,812,28.4,59.2,16.8,NORMAL
2026-09-08T18:04:44.562378,490,811,812,28.4,59.2,17.3,NORMAL
2026-09-08T18:04:45.051176,491,815,813,28.4,59.2,17.3,NORMAL
2026-09-08T18:04:45.565880,492,823,819,28.4,59.2,17.2,NORMAL
2026-09-08T18:04:46.066143,493,822,823,28.4,59.2,17.3,NORMAL
2026-09-08T18:04:46.568593,494,815,817,28.4,59.2,17.3,NORMAL
2026-09-08T18:04:47.068912,495,812,813,28.4,59.2,17.2,NORMAL
2026-09-08T18:04:47.574187,496,810,811,28.4,59.2,17.6,NORMAL
2026-09-08T18:04:48.073420,497,817,816,28.4,59.2,18.1,NORMAL
2026-09-08T18:04:48.581549,498,824,823,28.4,59.2,49.5,NORMAL
2026-09-08T18:04:49.073390,499,823,824,28.4,59.2,48.6,NORMAL
2026-09-08T18:04:49.584117,500,816,818,28.4,59.2,49.0,NORMAL
2026-09-08T18:04:50.085577,501,811,811,28.4,59.2,49.0,NORMAL
2026-09-08T18:04:50.589945,502,812,812,28.4,59.2,49.5,NORMAL
2026-09-08T18:04:51.090962,503,815,813,28.4,59.2,52.4,NORMAL
2026-09-08T18:04:51.591190,504,820,819,28.4,59.2,49.0,NORMAL
2026-09-08T18:04:52.097198,505,817,820,28.4,59.2,48.7,NORMAL
2026-09-08T18:04:52.598014,506,813,814,28.4,59.2,52.4,NORMAL
2026-09-08T18:04:53.098660,507,810,811,28.4,59.2,49.5,NORMAL
2026-09-08T18:04:53.598708,508,811,811,28.4,59.2,48.3,NORMAL
2026-09-08T18:04:54.093663,509,820,815,28.4,59.2,49.5,NORMAL
2026-09-08T18:04:54.607649,510,821,820,28.4,59.2,49.1,NORMAL
2026-09-08T18:04:55.107124,511,821,821,28.4,59.2,52.8,NORMAL
2026-09-08T18:04:55.603855,512,814,817,28.4,59.2,52.8,NORMAL
2026-09-08T18:04:56.106067,513,810,811,28.4,59.2,48.7,NORMAL
2026-09-08T18:04:56.610771,514,812,811,28.4,59.2,53.7,NORMAL
2026-09-08T18:04:57.101045,515,814,814,28.4,59.2,48.2,NORMAL
2026-09-08T18:04:57.616589,516,825,819,28.4,59.2,47.8,NORMAL
2026-09-08T18:04:58.121181,517,823,822,28.4,59.2,48.2,NORMAL
2026-09-08T18:04:58.622989,518,814,816,28.4,59.2,48.2,NORMAL
2026-09-08T18:04:59.115701,519,812,812,28.4,59.2,48.2,NORMAL
2026-09-08T18:04:59.625686,520,810,811,28.4,59.2,48.2,NORMAL
2026-09-08T18:05:00.129741,521,817,815,28.4,59.2,48.2,NORMAL
2026-09-08T18:05:00.631054,522,824,822,28.4,59.2,48.2,NORMAL
2026-09-08T18:05:01.133342,523,821,824,28.4,59.2,48.2,NORMAL
2026-09-08T18:05:01.635250,524,817,819,28.4,59.2,48.2,NORMAL
2026-09-08T18:05:02.137904,525,807,809,28.4,59.2,48.2,NORMAL
2026-09-08T18:05:02.637947,526,813,811,28.4,59.2,48.6,NORMAL
2026-09-08T18:05:03.136971,527,815,814,28.4,59.2,49.0,NORMAL
2026-09-08T18:05:03.631526,528,820,818,28.4,59.2,48.6,NORMAL
2026-09-08T18:05:04.133646,529,822,823,28.4,59.2,52.8,NORMAL
2026-09-08T18:05:04.648595,530,813,816,28.4,59.2,49.5,NORMAL
2026-09-08T18:05:05.149584,531,810,811,28.4,59.2,49.0,NORMAL
2026-09-08T18:05:05.650569,532,812,812,28.4,59.2,49.0,NORMAL
2026-09-08T18:05:06.155599,533,816,814,28.4,59.2,49.0,NORMAL
2026-09-08T18:05:06.649800,534,825,820,28.4,59.2,49.5,NORMAL
2026-09-08T18:05:07.157760,535,825,825,28.4,59.2,48.6,NORMAL
2026-09-08T18:05:07.658198,536,817,819,28.4,59.2,49.9,NORMAL
2026-09-08T18:05:08.163754,537,811,812,28.4,59.2,49.5,NORMAL
2026-09-08T18:05:08.653659,538,811,811,28.4,59.2,49.5,NORMAL
2026-09-08T18:05:09.154481,539,811,812,28.4,59.2,49.0,NORMAL
2026-09-08T18:05:09.667934,540,817,815,28.4,59.2,49.0,NORMAL
2026-09-08T18:05:10.181897,541,823,821,28.4,59.2,,NORMAL
2026-09-08T18:05:10.670534,542,818,818,28.4,59.2,48.6,NORMAL
2026-09-08T18:05:11.167167,543,812,813,28.4,59.2,48.6,NORMAL
2026-09-08T18:05:11.662627,544,810,811,28.4,59.2,48.6,NORMAL
2026-09-08T18:05:12.177307,545,816,811,28.4,59.2,48.6,NORMAL
2026-09-08T18:05:12.675521,546,819,817,28.4,59.2,49.0,NORMAL
2026-09-08T18:05:13.178881,547,824,822,28.4,59.2,49.0,NORMAL
2026-09-08T18:05:13.674498,548,819,822,28.4,59.2,48.6,NORMAL
2026-09-08T18:05:14.188078,549,811,812,28.4,59.2,49.0,NORMAL
2026-09-08T18:05:14.689498,550,812,810,28.4,59.2,48.2,NORMAL
2026-09-08T18:05:15.190450,551,813,812,28.4,59.2,48.2,NORMAL
2026-09-08T18:05:15.689834,552,818,815,28.4,59.2,49.0,NORMAL
2026-09-08T18:05:16.196664,553,825,824,28.4,59.2,49.9,NORMAL
2026-09-08T18:05:16.691527,554,820,821,28.4,59.2,48.2,NORMAL
2026-09-08T18:05:17.197663,555,813,815,28.4,59.2,48.2,NORMAL
2026-09-08T18:05:17.698383,556,813,813,28.4,59.2,47.8,NORMAL
2026-09-08T18:05:18.202336,557,815,814,28.4,59.2,49.5,NORMAL
2026-09-08T18:05:18.705223,558,821,818,28.4,59.2,49.0,NORMAL
2026-09-08T18:05:19.208696,559,826,823,28.4,59.2,49.5,NORMAL
2026-09-08T18:05:19.699664,560,823,825,28.4,59.2,48.6,NORMAL
2026-09-08T18:05:20.204875,561,813,815,28.4,59.2,49.5,NORMAL
2026-09-08T18:05:20.714814,562,813,812,28.4,59.2,52.3,NORMAL
2026-09-08T18:05:21.216684,563,813,812,28.4,59.2,49.5,NORMAL
2026-09-08T18:05:21.717123,564,817,814,28.4,59.2,48.2,NORMAL
2026-09-08T18:05:22.222316,565,825,823,28.4,59.2,48.2,NORMAL
2026-09-08T18:05:22.710154,566,820,823,28.4,59.2,48.6,NORMAL
2026-09-08T18:05:23.223850,567,815,817,28.4,59.2,48.2,NORMAL
2026-09-08T18:05:23.726005,568,808,810,28.4,59.2,47.8,NORMAL
2026-09-08T18:05:24.231737,569,815,812,28.4,59.2,48.1,NORMAL
2026-09-08T18:05:24.727479,570,815,815,28.4,59.2,19.0,NORMAL
2026-09-08T18:05:25.228050,571,824,818,28.4,59.2,15.3,NORMAL
2026-09-08T18:05:25.723086,572,825,823,28.4,59.2,13.3,NORMAL
2026-09-08T18:05:26.237920,573,815,817,28.4,59.2,11.9,NORMAL
2026-09-08T18:05:26.737786,574,813,813,28.4,59.2,10.0,NORMAL
2026-09-08T18:05:27.238859,575,813,811,28.4,59.2,9.3,WARNING
2026-09-08T18:05:27.741404,576,820,818,28.4,59.2,8.1,WARNING
2026-09-08T18:05:28.234914,577,828,826,28.4,59.2,8.4,WARNING
2026-09-08T18:05:28.742396,578,829,828,28.4,59.2,7.6,WARNING
2026-09-08T18:05:29.247071,579,824,825,28.4,59.2,14.5,NORMAL
2026-09-08T18:05:29.744072,580,814,815,28.4,59.2,21.9,NORMAL
2026-09-08T18:05:30.247251,581,814,813,28.3,59.2,13.7,NORMAL
2026-09-08T18:05:30.743751,582,816,814,28.3,59.2,11.3,NORMAL
2026-09-08T18:05:31.243063,583,828,821,28.3,59.2,9.6,WARNING
2026-09-08T18:05:31.757430,584,824,825,28.3,59.2,20.9,NORMAL
2026-09-08T18:05:32.258339,585,818,820,28.4,59.3,14.7,NORMAL
2026-09-08T18:05:32.750845,586,814,813,28.4,59.3,11.3,NORMAL
2026-09-08T18:05:33.256972,587,812,812,28.4,59.3,10.0,WARNING
2026-09-08T18:05:33.768211,588,814,815,28.4,59.3,38.1,NORMAL
2026-09-08T18:05:34.269736,589,827,822,28.3,59.3,10.6,NORMAL
2026-09-08T18:05:34.770110,590,820,826,28.3,59.3,50.2,NORMAL
2026-09-08T18:05:35.262038,591,812,817,28.3,59.3,6.8,WARNING
2026-09-08T18:05:35.777721,592,809,813,28.3,59.3,48.1,NORMAL
2026-09-08T18:05:36.279024,593,810,810,28.3,59.3,7.0,WARNING
2026-09-08T18:05:36.777414,594,817,814,28.3,59.3,10.9,NORMAL
2026-09-08T18:05:37.279700,595,827,823,28.3,59.3,11.3,NORMAL
2026-09-08T18:05:37.784978,596,825,822,28.3,59.3,7.5,WARNING
2026-09-08T18:05:38.282487,597,813,815,28.3,59.3,12.1,NORMAL
2026-09-08T18:05:38.818852,598,817,813,28.3,59.3,,NORMAL
2026-09-08T18:05:39.289852,599,813,813,28.3,59.3,8.9,WARNING
2026-09-08T18:05:39.816530,600,812,816,28.3,59.3,,NORMAL
2026-09-08T18:05:40.288652,601,826,824,28.3,59.4,5.4,WARNING
2026-09-08T18:05:40.802398,602,814,821,28.3,59.4,50.7,NORMAL
2026-09-08T18:05:41.296096,603,815,815,28.3,59.4,50.7,NORMAL
2026-09-08T18:05:41.801451,604,812,812,28.3,59.4,4.2,WARNING
2026-09-08T18:05:42.309889,605,815,813,28.3,59.4,48.6,NORMAL
2026-09-08T18:05:42.808761,606,817,816,28.3,59.4,48.6,NORMAL
2026-09-08T18:05:43.304674,607,822,822,28.3,59.4,5.7,WARNING
2026-09-08T18:05:43.806354,608,822,825,28.3,59.4,48.6,NORMAL
2026-09-08T18:05:44.306164,609,809,817,28.3,59.4,48.6,NORMAL
2026-09-08T18:05:44.804508,610,814,812,28.3,59.4,5.9,WARNING
2026-09-08T18:05:45.336734,611,814,813,28.3,59.4,,NORMAL
2026-09-08T18:05:45.834011,612,815,813,28.3,59.4,,NORMAL
2026-09-08T18:05:46.322321,613,826,823,28.3,59.4,51.9,NORMAL
2026-09-08T18:05:46.814846,614,819,822,28.3,59.4,49.0,NORMAL
2026-09-08T18:05:47.350256,615,817,819,28.3,59.4,,NORMAL
2026-09-08T18:05:47.851875,616,811,813,28.3,59.4,,NORMAL
2026-09-08T18:05:48.352867,617,813,809,28.3,59.4,,NORMAL
2026-09-08T18:05:48.826925,618,814,814,28.3,59.4,52.3,NORMAL
2026-09-08T18:05:49.329300,619,821,817,28.3,59.4,49.9,NORMAL
2026-09-08T18:05:49.854026,620,824,823,28.3,59.4,,NORMAL
2026-09-08T18:05:50.341604,621,815,816,28.3,59.4,49.0,NORMAL
2026-09-08T18:05:50.837741,622,809,813,28.3,59.4,48.6,NORMAL
2026-09-08T18:05:51.370303,623,807,808,28.3,59.4,,NORMAL
2026-09-08T18:05:51.870993,624,813,812,28.3,59.4,,NORMAL
2026-09-08T18:05:52.368071,625,822,817,28.3,59.4,,NORMAL
2026-09-08T18:05:52.864906,626,823,822,28.3,59.4,,NORMAL
2026-09-08T18:05:53.377308,627,823,822,28.3,59.4,,NORMAL
2026-09-08T18:05:53.851493,628,816,815,28.3,59.4,52.4,NORMAL
2026-09-08T18:05:54.378286,629,810,811,28.3,59.4,,NORMAL
2026-09-08T18:05:54.860558,630,808,811,28.3,59.4,50.3,NORMAL
2026-09-08T18:05:55.359262,631,815,814,28.3,59.4,53.2,NORMAL
2026-09-08T18:05:55.888405,632,822,820,28.3,59.4,,NORMAL
2026-09-08T18:05:56.361739,633,820,821,28.3,59.4,46.6,NORMAL
2026-09-08T18:05:56.853899,634,818,819,28.3,59.4,6.7,WARNING
2026-09-08T18:05:57.357753,635,815,814,28.3,59.4,9.3,WARNING
2026-09-08T18:05:57.869136,636,813,815,28.3,59.4,14.0,NORMAL
2026-09-08T18:05:58.365884,637,816,813,28.3,59.4,12.7,NORMAL
2026-09-08T18:05:58.874586,638,823,821,28.3,59.4,12.7,NORMAL
2026-09-08T18:05:59.377399,639,821,824,28.3,59.4,47.1,NORMAL
2026-09-08T18:05:59.880728,640,818,820,28.3,59.4,86.1,NORMAL
2026-09-08T18:06:00.383103,641,809,812,28.3,59.4,46.7,NORMAL
2026-09-08T18:06:00.881298,642,813,810,28.3,59.4,42.7,NORMAL
2026-09-08T18:06:01.380526,643,814,813,28.3,59.4,35.3,NORMAL
2026-09-08T18:06:01.873236,644,816,816,28.3,59.4,48.7,NORMAL
2026-09-08T18:06:02.389888,645,825,824,28.3,59.5,48.1,NORMAL
2026-09-08T18:06:02.904187,646,817,820,28.3,59.5,273.6,NORMAL
2026-09-08T18:06:03.421464,647,813,815,28.3,59.5,,NORMAL
2026-09-08T18:06:03.920793,648,813,811,28.3,59.5,,NORMAL
2026-09-08T18:06:04.396992,649,815,812,28.3,59.5,93.9,NORMAL
2026-09-08T18:06:04.900090,650,818,817,28.3,59.5,35.7,NORMAL
2026-09-08T18:06:05.400853,651,827,825,28.3,59.5,36.3,NORMAL
2026-09-08T18:06:05.898001,652,824,826,28.3,59.5,30.2,NORMAL
2026-09-08T18:06:06.407571,653,812,816,28.3,59.5,31.4,NORMAL
2026-09-08T18:06:06.899691,654,811,812,28.3,59.5,32.5,NORMAL
2026-09-08T18:06:07.409686,655,810,813,28.3,59.5,31.5,NORMAL
2026-09-08T18:06:07.911025,656,813,814,28.3,59.5,31.5,NORMAL
2026-09-08T18:06:08.412600,657,824,823,28.3,59.5,32.4,NORMAL
2026-09-08T18:06:08.917141,658,822,822,28.3,59.5,32.4,NORMAL
2026-09-08T18:06:09.420287,659,817,819,28.3,59.5,32.4,NORMAL
2026-09-08T18:06:09.919737,660,809,811,28.3,59.5,32.4,NORMAL
2026-09-08T18:06:10.419371,661,813,813,28.3,59.5,32.4,NORMAL
2026-09-08T18:06:10.918640,662,816,813,28.3,59.5,32.4,NORMAL
2026-09-08T18:06:11.418250,663,822,817,28.3,59.5,32.4,NORMAL
2026-09-08T18:06:11.918947,664,827,825,28.3,59.5,33.0,NORMAL
2026-09-08T18:06:12.428987,665,813,818,28.3,59.5,11.0,NORMAL
2026-09-08T18:06:12.933352,666,813,810,28.3,59.5,10.0,WARNING
2026-09-08T18:06:13.428510,667,809,810,28.3,59.5,10.5,NORMAL
2026-09-08T18:06:13.928402,668,816,811,28.3,59.5,9.9,WARNING
2026-09-08T18:06:14.434188,669,817,817,28.3,59.5,10.7,NORMAL
2026-09-08T18:06:14.928153,670,827,823,28.3,59.5,6.7,WARNING
2026-09-08T18:06:15.436980,671,825,827,28.3,59.5,29.3,NORMAL
2026-09-08T18:06:15.940733,672,817,819,28.3,59.5,28.1,NORMAL
2026-09-08T18:06:16.450350,673,812,813,28.3,59.5,28.5,NORMAL
2026-09-08T18:06:16.946988,674,816,812,28.3,59.5,28.1,NORMAL
2026-09-08T18:06:17.451948,675,813,813,28.3,59.5,28.9,NORMAL
2026-09-08T18:06:17.947465,676,817,816,28.3,59.5,28.9,NORMAL
2026-09-08T18:06:18.449256,677,825,824,28.3,59.5,29.3,NORMAL
2026-09-08T18:06:18.959174,678,817,819,28.3,59.5,29.3,NORMAL
2026-09-08T18:06:19.459253,679,815,814,28.3,59.5,29.7,NORMAL
2026-09-08T18:06:19.956566,680,814,814,28.3,59.5,35.7,NORMAL
2026-09-08T18:06:20.458469,681,813,811,28.3,59.5,69.1,NORMAL
2026-09-08T18:06:20.956112,682,818,815,28.3,59.5,66.1,NORMAL
2026-09-08T18:06:21.468916,683,819,818,28.3,59.5,66.1,NORMAL
2026-09-08T18:06:21.973248,684,826,823,28.3,59.5,67.6,NORMAL
2026-09-08T18:06:22.470069,685,814,820,28.3,59.5,65.5,NORMAL
2026-09-08T18:06:22.966609,686,812,812,28.3,59.5,66.3,NORMAL
2026-09-08T18:06:23.468373,687,814,813,28.3,59.5,67.7,NORMAL
2026-09-08T18:06:23.980385,688,813,812,28.3,59.5,46.3,NORMAL
2026-09-08T18:06:24.478798,689,823,818,28.3,59.5,42.3,NORMAL
2026-09-08T18:06:24.977985,690,826,827,28.3,59.5,12.6,NORMAL
2026-09-08T18:06:25.481470,691,819,824,28.3,59.5,10.9,NORMAL
2026-09-08T18:06:25.974967,692,820,821,28.3,59.5,12.9,NORMAL
2026-09-08T18:06:26.482308,693,814,814,28.3,59.5,12.9,NORMAL
2026-09-08T18:06:26.991977,694,815,814,28.3,59.5,11.3,NORMAL
2026-09-08T18:06:27.489052,695,816,813,28.3,59.5,12.1,NORMAL
2026-09-08T18:06:27.986904,696,819,818,28.3,59.5,14.5,NORMAL
2026-09-08T18:06:28.496524,697,825,823,28.3,59.5,18.4,NORMAL
2026-09-08T18:06:29.000815,698,823,825,28.3,59.5,40.6,NORMAL
2026-09-08T18:06:29.500055,699,812,817,28.3,59.5,15.9,NORMAL
2026-09-08T18:06:29.989042,700,814,814,28.3,59.5,13.9,NORMAL
2026-09-08T18:06:30.505877,701,811,812,28.3,59.6,13.9,NORMAL
2026-09-08T18:06:30.995206,702,816,815,28.3,59.6,15.4,NORMAL
2026-09-08T18:06:31.500438,703,820,817,28.3,59.6,17.1,NORMAL
2026-09-08T18:06:32.040112,704,826,825,28.3,59.6,,NORMAL
2026-09-08T18:06:32.540368,705,819,822,28.3,59.5,,NORMAL
2026-09-08T18:06:33.004827,706,815,815,28.3,59.5,17.3,NORMAL
2026-09-08T18:06:33.509597,707,813,813,28.3,59.5,17.7,NORMAL
2026-09-08T18:06:34.016979,708,815,813,28.3,59.5,16.5,NORMAL
2026-09-08T18:06:34.520646,709,817,816,28.3,59.5,16.0,NORMAL
2026-09-08T18:06:35.015418,710,823,820,28.3,59.5,15.6,NORMAL
2026-09-08T18:06:35.523028,711,826,825,28.3,59.5,15.6,NORMAL
2026-09-08T18:06:36.019427,712,823,824,28.3,59.5,28.5,NORMAL
2026-09-08T18:06:36.533253,713,813,815,28.3,59.5,36.2,NORMAL
2026-09-08T18:06:37.031228,714,813,813,28.3,59.5,47.1,NORMAL
2026-09-08T18:06:37.541307,715,814,813,28.3,59.5,91.4,NORMAL
2026-09-08T18:06:38.029412,716,817,815,28.3,59.5,41.7,NORMAL
2026-09-08T18:06:38.540654,717,825,823,28.3,59.5,67.1,NORMAL
2026-09-08T18:06:39.039115,718,824,824,28.3,59.5,67.3,NORMAL
2026-09-08T18:06:39.544829,719,820,821,28.3,59.5,66.6,NORMAL
2026-09-08T18:06:40.072269,720,814,815,28.3,59.5,,NORMAL
2026-09-08T18:06:40.563183,721,812,811,28.3,59.5,286.2,NORMAL
2026-09-08T18:06:41.052698,722,814,811,28.3,59.5,69.8,NORMAL
2026-09-08T18:06:41.553301,723,817,815,28.3,59.5,66.7,NORMAL
2026-09-08T18:06:42.045374,724,824,822,28.3,59.5,68.3,NORMAL
2026-09-08T18:06:42.547192,725,822,823,28.3,59.5,14.7,NORMAL
2026-09-08T18:06:43.055291,726,817,820,28.3,59.5,12.8,NORMAL
2026-09-08T18:06:43.559558,727,814,814,28.3,59.5,12.3,NORMAL
2026-09-08T18:06:44.060522,728,813,813,28.3,59.5,16.2,NORMAL
2026-09-08T18:06:44.557071,729,817,814,28.3,59.6,68.2,NORMAL
2026-09-08T18:06:45.061600,730,819,818,28.3,59.6,67.8,NORMAL
2026-09-08T18:06:45.568382,731,826,825,28.3,59.6,15.3,NORMAL
2026-09-08T18:06:46.070466,732,825,825,28.3,59.6,10.9,NORMAL
2026-09-08T18:06:46.568291,733,817,820,28.3,59.6,8.1,WARNING
2026-09-08T18:06:47.067801,734,814,813,28.3,59.6,69.1,NORMAL
2026-09-08T18:06:47.567863,735,813,813,28.3,59.6,69.4,NORMAL
2026-09-08T18:06:48.098416,736,815,814,28.3,59.6,288.8,NORMAL
2026-09-08T18:06:48.581785,737,824,821,28.3,59.6,22.7,NORMAL
2026-09-08T18:06:49.081464,738,826,826,28.3,59.6,23.3,NORMAL
2026-09-08T18:06:49.599602,739,822,824,28.3,59.6,257.5,NORMAL
2026-09-08T18:06:50.091643,740,815,818,28.3,59.6,257.4,NORMAL
2026-09-08T18:06:50.585209,741,812,812,28.3,59.5,98.6,NORMAL
2026-09-08T18:06:51.092237,742,812,812,28.3,59.5,98.1,NORMAL
2026-09-08T18:06:51.598664,743,816,813,28.3,59.5,100.9,NORMAL
2026-09-08T18:06:52.089087,744,820,818,28.3,59.5,98.6,NORMAL
2026-09-08T18:06:52.601049,745,824,824,28.3,59.6,97.5,NORMAL
2026-09-08T18:06:53.101905,746,821,822,28.3,59.6,97.4,NORMAL
2026-09-08T18:06:53.599873,747,811,816,28.3,59.6,97.4,NORMAL
2026-09-08T18:06:54.097735,748,813,812,28.3,59.6,96.7,NORMAL
2026-09-08T18:06:54.600038,749,815,813,28.3,59.6,96.8,NORMAL
2026-09-08T18:06:55.112615,750,817,815,28.3,59.6,96.9,NORMAL
2026-09-08T18:06:55.615277,751,825,819,28.3,59.6,97.3,NORMAL
2026-09-08T18:06:56.103009,752,824,824,28.3,59.6,98.0,NORMAL
2026-09-08T18:06:56.620208,753,818,820,28.3,59.5,98.9,NORMAL
2026-09-08T18:06:57.108704,754,811,813,28.3,59.5,96.8,NORMAL
2026-09-08T18:06:57.619711,755,810,809,28.3,59.5,99.2,NORMAL
2026-09-08T18:06:58.123799,756,807,808,28.3,59.5,96.7,NORMAL
2026-09-08T18:06:58.619624,757,816,813,28.3,59.6,97.8,NORMAL
2026-09-08T18:06:59.123527,758,822,818,28.3,59.6,53.0,NORMAL
2026-09-08T18:06:59.629812,759,823,821,28.3,59.6,53.0,NORMAL
2026-09-08T18:07:00.120687,760,819,820,28.3,59.6,29.7,NORMAL
2026-09-08T18:07:00.631595,761,810,812,28.3,59.5,30.4,NORMAL
2026-09-08T18:07:01.144624,762,810,809,28.3,59.5,289.4,NORMAL
2026-09-08T18:07:01.649946,763,810,809,28.3,59.5,287.5,NORMAL
2026-09-08T18:07:02.151600,764,813,811,28.3,59.5,283.1,NORMAL
2026-09-08T18:07:02.645776,765,825,821,28.3,59.5,284.5,NORMAL
2026-09-08T18:07:03.156989,766,823,823,28.3,59.5,284.7,NORMAL
2026-09-08T18:07:03.638538,767,817,818,28.3,59.5,2.9,WARNING
2026-09-08T18:07:04.142495,768,806,812,28.3,59.5,8.6,WARNING
2026-09-08T18:07:04.637263,769,804,806,28.3,59.5,25.5,NORMAL
2026-09-08T18:07:05.141673,770,811,807,28.3,59.5,28.7,NORMAL
2026-09-08T18:07:05.648563,771,812,812,28.3,59.5,26.7,NORMAL
2026-09-08T18:07:06.145273,772,824,818,28.3,59.5,26.1,NORMAL
2026-09-08T18:07:06.648131,773,828,826,28.3,59.5,26.5,NORMAL
2026-09-08T18:07:07.160258,774,823,824,28.3,59.5,26.1,NORMAL
2026-09-08T18:07:07.661121,775,817,819,28.3,59.5,26.1,NORMAL
2026-09-08T18:07:08.161274,776,811,812,28.3,59.5,26.5,NORMAL
2026-09-08T18:07:08.666479,777,810,812,28.3,59.5,26.1,NORMAL
2026-09-08T18:07:09.154737,778,812,814,28.3,59.5,26.1,NORMAL
2026-09-08T18:07:09.660290,779,821,817,28.3,59.5,26.4,NORMAL
2026-09-08T18:07:10.170209,780,826,822,28.3,59.5,26.4,NORMAL
2026-09-08T18:07:10.667456,781,822,822,28.3,59.5,26.5,NORMAL
2026-09-08T18:07:11.170922,782,816,819,28.3,59.5,26.5,NORMAL
2026-09-08T18:07:11.663787,783,808,811,28.3,59.5,26.5,NORMAL
2026-09-08T18:07:12.178366,784,815,813,28.3,59.5,26.1,NORMAL
2026-09-08T18:07:12.680633,785,814,814,28.3,59.6,26.5,NORMAL
2026-09-08T18:07:13.182447,786,819,815,28.3,59.6,26.5,NORMAL
2026-09-08T18:07:13.675742,787,825,822,28.3,59.6,26.5,NORMAL
2026-09-08T18:07:14.176544,788,824,824,28.3,59.6,26.0,NORMAL
2026-09-08T18:07:14.682273,789,818,817,28.3,59.5,26.4,NORMAL
2026-09-08T18:07:15.189014,790,811,813,28.3,59.5,26.5,NORMAL
2026-09-08T18:07:15.694886,791,811,811,28.3,59.5,26.5,NORMAL
2026-09-08T18:07:16.188666,792,809,811,28.3,59.5,26.1,NORMAL
2026-09-08T18:07:16.690512,793,816,815,28.3,59.6,26.5,NORMAL
2026-09-08T18:07:17.201959,794,822,821,28.3,59.6,26.0,NORMAL
2026-09-08T18:07:17.703117,795,826,822,28.3,59.6,26.4,NORMAL
2026-09-08T18:07:18.201006,796,821,821,28.3,59.6,26.5,NORMAL
2026-09-08T18:07:18.697170,797,814,813,28.3,59.6,26.4,NORMAL
2026-09-08T18:07:19.202526,798,810,810,28.3,59.6,26.5,NORMAL
2026-09-08T18:07:19.697203,799,810,810,28.3,59.6,26.0,NORMAL
2026-09-08T18:07:20.210531,800,818,816,28.3,59.6,26.0,NORMAL
2026-09-08T18:07:20.710257,801,826,822,28.3,59.6,26.5,NORMAL
2026-09-08T18:07:21.208892,802,826,825,28.3,59.6,26.5,NORMAL
2026-09-08T18:07:21.717165,803,825,825,28.3,59.6,26.5,NORMAL
2026-09-08T18:07:22.215960,804,819,819,28.3,59.6,26.5,NORMAL
2026-09-08T18:07:22.725339,805,812,813,28.3,59.6,26.5,NORMAL
2026-09-08T18:07:23.218199,806,809,811,28.3,59.6,26.4,NORMAL
2026-09-08T18:07:23.721851,807,820,815,28.3,59.6,26.5,NORMAL
2026-09-08T18:07:24.216583,808,821,818,28.3,59.6,26.4,NORMAL
2026-09-08T18:07:24.729585,809,827,824,28.3,59.6,26.4,NORMAL
2026-09-08T18:07:25.234477,810,823,824,28.3,59.6,26.5,NORMAL
2026-09-08T18:07:25.725655,811,816,817,28.3,59.6,26.5,NORMAL
2026-09-08T18:07:26.233835,812,820,816,28.3,59.6,26.1,NORMAL
2026-09-08T18:07:26.738212,813,814,814,28.3,59.6,26.5,NORMAL
2026-09-08T18:07:27.243985,814,819,817,28.3,59.6,26.4,NORMAL
2026-09-08T18:07:27.733758,815,822,821,28.3,59.6,26.4,NORMAL
2026-09-08T18:07:28.237184,816,830,825,28.3,59.6,26.4,NORMAL
2026-09-08T18:07:28.739842,817,825,825,28.3,59.4,26.0,NORMAL
2026-09-08T18:07:29.250427,818,819,819,28.3,59.4,26.0,NORMAL
2026-09-08T18:07:29.751177,819,813,815,28.3,59.4,26.5,NORMAL
2026-09-08T18:07:30.252667,820,816,813,28.3,59.4,26.4,NORMAL
2026-09-08T18:07:30.774621,821,813,816,28.3,59.4,26.4,NORMAL
2026-09-08T18:07:31.253208,822,816,814,28.3,59.4,26.5,NORMAL
2026-09-08T18:07:31.759364,823,821,822,28.3,59.4,26.1,NORMAL
2026-09-08T18:07:32.260139,824,822,823,28.3,59.4,26.5,NORMAL
2026-09-08T18:07:32.760084,825,813,816,28.3,59.4,26.5,NORMAL
2026-09-08T18:07:33.267537,826,813,813,28.3,59.4,26.4,NORMAL
2026-09-08T18:07:33.756961,827,815,813,28.3,59.4,26.5,NORMAL
2026-09-08T18:07:34.271728,828,816,814,28.3,59.4,26.5,NORMAL
2026-09-08T18:07:34.767024,829,823,818,28.3,59.4,26.5,NORMAL
2026-09-08T18:07:35.267886,830,826,824,28.3,59.4,26.5,NORMAL
2026-09-08T18:07:35.766964,831,830,828,28.3,59.4,26.5,NORMAL
2026-09-08T18:07:36.266282,832,816,821,28.3,59.4,26.5,NORMAL
2026-09-08T18:07:36.780950,833,813,814,28.3,59.4,26.5,NORMAL
2026-09-08T18:07:37.285627,834,811,811,28.3,59.4,26.5,NORMAL
2026-09-08T18:07:37.776771,835,812,811,28.3,59.4,26.5,NORMAL
2026-09-08T18:07:38.280142,836,816,814,28.3,59.4,26.4,NORMAL
2026-09-08T18:07:38.778252,837,824,820,28.3,59.4,26.5,NORMAL
2026-09-08T18:07:39.293427,838,828,827,28.3,59.4,26.4,NORMAL
2026-09-08T18:07:39.787496,839,824,826,28.3,59.4,26.5,NORMAL
2026-09-08T18:07:40.288947,840,817,818,28.3,59.4,26.4,NORMAL
2026-09-08T18:07:40.799973,841,811,811,28.3,59.4,26.4,NORMAL
2026-09-08T18:07:41.301260,842,810,810,28.3,59.4,26.4,NORMAL
2026-09-08T18:07:41.797867,843,815,813,28.3,59.4,26.0,NORMAL
2026-09-08T18:07:42.300837,844,816,815,28.3,59.4,26.0,NORMAL
2026-09-08T18:07:42.808123,845,822,821,28.3,59.4,26.4,NORMAL
2026-09-08T18:07:43.299736,846,825,824,28.3,59.4,26.4,NORMAL
2026-09-08T18:07:43.802945,847,821,823,28.3,59.4,26.0,NORMAL
2026-09-08T18:07:44.312874,848,815,818,28.3,59.4,26.5,NORMAL
2026-09-08T18:07:44.810141,849,819,813,28.3,59.4,26.0,NORMAL
2026-09-08T18:07:45.311840,850,815,814,28.3,59.4,26.0,NORMAL
2026-09-08T18:07:45.807892,851,817,815,28.3,59.4,26.5,NORMAL
2026-09-08T18:07:46.321767,852,818,817,28.3,59.4,26.0,NORMAL
2026-09-08T18:07:46.821228,853,827,826,28.3,59.4,26.0,NORMAL
2026-09-08T18:07:47.322657,854,822,825,28.3,59.4,26.5,NORMAL
2026-09-08T18:07:47.827899,855,820,820,28.3,59.4,26.5,NORMAL
2026-09-08T18:07:48.329144,856,815,816,28.3,59.4,26.4,NORMAL
2026-09-08T18:07:48.833560,857,813,810,28.3,59.4,26.4,NORMAL
2026-09-08T18:07:49.335177,858,812,810,28.3,59.4,26.0,NORMAL
2026-09-08T18:07:49.829784,859,816,814,28.3,59.4,26.0,NORMAL
2026-09-08T18:07:50.337169,860,819,816,28.3,59.4,26.0,NORMAL
2026-09-08T18:07:50.842245,861,821,821,28.3,59.5,26.4,NORMAL
2026-09-08T18:07:51.342635,862,819,820,28.3,59.5,26.4,NORMAL
2026-09-08T18:07:51.840988,863,817,818,28.3,59.5,26.4,NORMAL
2026-09-08T18:07:52.340472,864,811,814,28.3,59.5,26.5,NORMAL
2026-09-08T18:07:52.850104,865,817,813,28.3,59.5,26.5,NORMAL
2026-09-08T18:07:53.352917,866,817,814,28.3,59.5,26.4,NORMAL
2026-09-08T18:07:53.851377,867,822,818,28.3,59.5,26.0,NORMAL
2026-09-08T18:07:54.350789,868,823,820,28.3,59.5,26.0,NORMAL
2026-09-08T18:07:54.857884,869,828,825,28.3,59.6,26.4,NORMAL
2026-09-08T18:07:55.349246,870,825,824,28.3,59.6,26.0,NORMAL
2026-09-08T18:07:55.849981,871,820,821,28.3,59.6,26.4,NORMAL
2026-09-08T18:07:56.360867,872,814,816,28.3,59.6,26.0,NORMAL
2026-09-08T18:07:56.866569,873,814,814,28.3,59.5,26.4,NORMAL
2026-09-08T18:07:57.360100,874,814,814,28.3,59.5,26.4,NORMAL
2026-09-08T18:07:57.868522,875,818,816,28.3,59.5,26.0,NORMAL
2026-09-08T18:07:58.373092,876,820,817,28.3,59.5,26.0,NORMAL
2026-09-08T18:07:58.867457,877,827,825,28.3,59.6,26.0,NORMAL
2026-09-08T18:07:59.377389,878,823,824,28.3,59.6,26.4,NORMAL
2026-09-08T18:07:59.878529,879,819,820,28.3,59.6,26.0,NORMAL
2026-09-08T18:08:00.367677,880,816,817,28.3,59.6,26.5,NORMAL
2026-09-08T18:08:00.878896,881,813,813,28.3,59.5,26.4,NORMAL
2026-09-08T18:08:01.381000,882,816,813,28.3,59.5,26.5,NORMAL
2026-09-08T18:08:01.878980,883,816,815,28.3,59.5,26.4,NORMAL
2026-09-08T18:08:02.388447,884,817,817,28.3,59.5,26.5,NORMAL
2026-09-08T18:08:02.893963,885,828,825,28.3,59.5,26.4,NORMAL
2026-09-08T18:08:03.401981,886,820,824,28.3,59.5,26.5,NORMAL
2026-09-08T18:08:03.895743,887,821,821,28.3,59.5,26.0,NORMAL
2026-09-08T18:08:04.390634,888,818,819,28.3,59.5,26.0,NORMAL
2026-09-08T18:08:04.886551,889,812,813,28.3,59.5,26.0,NORMAL
2026-09-08T18:08:05.389522,890,812,813,28.3,59.5,26.0,NORMAL
2026-09-08T18:08:05.903440,891,815,814,28.3,59.5,26.4,NORMAL
2026-09-08T18:08:06.403438,892,817,816,28.3,59.5,26.4,NORMAL
2026-09-08T18:08:06.899811,893,826,823,28.3,59.5,26.4,NORMAL
2026-09-08T18:08:07.395893,894,827,827,28.3,59.5,26.4,NORMAL
2026-09-08T18:08:07.901831,895,822,825,28.3,59.5,26.5,NORMAL
2026-09-08T18:08:08.411312,896,815,820,28.3,59.5,26.5,NORMAL
2026-09-08T18:08:08.908252,897,812,812,28.3,59.5,26.0,NORMAL
2026-09-08T18:08:09.417055,898,816,813,28.3,59.5,26.0,NORMAL
2026-09-08T18:08:09.909011,899,812,813,28.3,59.5,26.5,NORMAL
2026-09-08T18:08:10.413297,900,816,814,28.3,59.5,26.4,NORMAL
2026-09-08T18:08:10.922674,901,828,822,28.2,59.5,26.4,NORMAL
2026-09-08T18:08:11.426067,902,826,825,28.2,59.5,26.0,NORMAL
2026-09-08T18:08:11.919112,903,824,825,28.2,59.5,26.0,NORMAL
2026-09-08T18:08:12.420730,904,819,821,28.2,59.5,26.4,NORMAL
2026-09-08T18:08:12.935096,905,813,814,28.3,59.5,26.4,NORMAL
2026-09-08T18:08:13.430978,906,813,811,28.3,59.5,26.4,NORMAL
2026-09-08T18:08:13.937988,907,816,814,28.3,59.5,26.4,NORMAL
2026-09-08T18:08:14.439071,908,815,814,28.3,59.5,26.5,NORMAL
2026-09-08T18:08:14.927953,909,826,821,28.3,59.6,26.0,NORMAL
2026-09-08T18:08:15.445979,910,825,826,28.3,59.6,26.0,NORMAL
2026-09-08T18:08:15.943117,911,824,824,28.3,59.6,26.0,NORMAL
2026-09-08T18:08:16.446737,912,823,823,28.3,59.6,26.0,NORMAL
2026-09-08T18:08:16.937716,913,813,814,28.2,59.6,26.5,NORMAL
2026-09-08T18:08:17.450263,914,814,813,28.2,59.6,26.0,NORMAL
2026-09-08T18:08:17.953868,915,815,813,28.2,59.6,26.0,NORMAL
2026-09-08T18:08:18.451423,916,816,815,28.2,59.6,26.4,NORMAL
2026-09-08T18:08:18.948746,917,821,819,28.2,59.6,26.0,NORMAL
2026-09-08T18:08:19.461264,918,826,826,28.2,59.6,26.0,NORMAL
2026-09-08T18:08:19.959480,919,822,825,28.2,59.6,26.4,NORMAL
2026-09-08T18:08:20.461936,920,823,823,28.2,59.6,26.0,NORMAL
2026-09-08T18:08:20.961859,921,812,815,28.2,59.6,26.0,NORMAL
2026-09-08T18:08:21.461504,922,814,813,28.2,59.6,26.4,NORMAL
2026-09-08T18:08:21.960117,923,814,813,28.2,59.6,26.0,NORMAL
2026-09-08T18:08:22.462888,924,815,815,28.2,59.6,26.5,NORMAL
2026-09-08T18:08:22.971048,925,823,819,28.2,59.6,26.0,NORMAL
2026-09-08T18:08:23.476768,926,827,826,28.2,59.6,26.0,NORMAL
2026-09-08T18:08:23.970188,927,826,826,28.2,59.6,26.4,NORMAL
2026-09-08T18:08:24.479684,928,822,823,28.2,59.6,26.0,NORMAL
2026-09-08T18:08:24.976457,929,814,816,28.2,59.6,26.0,NORMAL
2026-09-08T18:08:25.479472,930,816,812,28.2,59.6,26.0,NORMAL
2026-09-08T18:08:25.985644,931,817,814,28.2,59.6,7.6,WARNING
2026-09-08T18:08:26.477747,932,819,818,28.2,59.6,6.1,WARNING
2026-09-08T18:08:26.987515,933,823,821,28.2,59.6,26.0,NORMAL
2026-09-08T18:08:27.482377,934,825,825,28.2,59.6,26.0,NORMAL
2026-09-08T18:08:27.993515,935,825,826,28.2,59.6,26.0,NORMAL
2026-09-08T18:08:28.492112,936,822,824,28.2,59.6,26.0,NORMAL
2026-09-08T18:08:28.990366,937,815,817,28.2,59.6,7.0,WARNING
2026-09-08T18:08:29.495570,938,816,816,28.2,59.6,5.6,WARNING
2026-09-08T18:08:29.995672,939,816,816,28.2,59.6,6.0,WARNING
2026-09-08T18:08:30.501925,940,817,817,28.2,59.6,6.0,WARNING
2026-09-08T18:08:31.002170,941,822,820,28.2,59.7,5.5,WARNING
2026-09-08T18:08:31.498189,942,829,826,28.2,59.7,5.6,WARNING
2026-09-08T18:08:32.005447,943,831,829,28.2,59.7,6.0,WARNING
2026-09-08T18:08:32.511492,944,827,829,28.2,59.7,6.4,WARNING
2026-09-08T18:08:33.013420,945,818,822,28.2,59.8,26.0,NORMAL
2026-09-08T18:08:33.512246,946,811,814,28.2,59.8,26.0,NORMAL
2026-09-08T18:08:34.009078,947,813,813,28.2,59.8,26.0,NORMAL
2026-09-08T18:08:34.520204,948,811,812,28.2,59.8,26.4,NORMAL
2026-09-08T18:08:35.020082,949,818,815,28.2,59.9,26.0,NORMAL
2026-09-08T18:08:35.523873,950,823,819,28.2,59.9,26.4,NORMAL
2026-09-08T18:08:36.018882,951,824,823,28.2,59.9,26.0,NORMAL
2026-09-08T18:08:36.524963,952,826,826,28.2,59.9,26.0,NORMAL
2026-09-08T18:08:37.034038,953,817,820,28.2,59.9,26.0,NORMAL
2026-09-08T18:08:37.534821,954,814,815,28.2,59.9,26.0,NORMAL
2026-09-08T18:08:38.032819,955,813,813,28.2,59.9,26.0,NORMAL
2026-09-08T18:08:38.534684,956,813,812,28.2,59.9,26.0,NORMAL
2026-09-08T18:08:39.029716,957,817,814,28.2,60.0,26.0,NORMAL
2026-09-08T18:08:39.534771,958,815,815,28.2,60.0,26.0,NORMAL
2026-09-08T18:08:40.035488,959,823,819,28.2,60.0,26.0,NORMAL
2026-09-08T18:08:40.543656,960,824,825,28.2,60.0,26.0,NORMAL
2026-09-08T18:08:41.041410,961,822,824,28.2,60.0,26.0,NORMAL
2026-09-08T18:08:41.548763,962,818,817,28.2,60.0,26.0,NORMAL
2026-09-08T18:08:42.046813,963,817,815,28.2,60.0,26.0,NORMAL
2026-09-08T18:08:42.552443,964,813,813,28.2,60.0,26.0,NORMAL
2026-09-08T18:08:43.052416,965,816,812,28.2,59.9,26.0,NORMAL
2026-09-08T18:08:43.560752,966,818,815,28.2,59.9,26.0,NORMAL
2026-09-08T18:08:44.053015,967,820,818,28.2,59.9,26.4,NORMAL
2026-09-08T18:08:44.563651,968,824,821,28.2,59.9,26.0,NORMAL
2026-09-08T18:08:45.060830,969,826,826,28.2,59.9,26.0,NORMAL
2026-09-08T18:08:45.568707,970,820,823,28.2,59.9,26.0,NORMAL
2026-09-08T18:08:46.063549,971,817,818,28.2,59.9,26.0,NORMAL
2026-09-08T18:08:46.566365,972,816,816,28.2,59.9,7.0,WARNING
2026-09-08T18:08:47.072033,973,814,816,28.2,59.9,3.6,WARNING
2026-09-08T18:08:47.565810,974,819,816,28.2,59.9,4.3,WARNING
2026-09-08T18:08:48.071747,975,821,819,28.2,59.9,3.2,WARNING
2026-09-08T18:08:48.577726,976,822,821,28.2,59.9,3.2,WARNING
2026-09-08T18:08:49.078906,977,829,827,28.2,59.9,4.0,WARNING
2026-09-08T18:08:49.575473,978,827,830,28.2,59.9,4.5,WARNING
2026-09-08T18:08:50.086418,979,825,825,28.2,59.9,6.8,WARNING
2026-09-08T18:08:50.579455,980,821,822,28.2,59.9,4.3,WARNING
2026-09-08T18:08:51.085854,981,817,815,28.2,59.9,4.2,WARNING
2026-09-08T18:08:51.586591,982,823,818,28.2,59.9,9.1,WARNING
2026-09-08T18:08:52.095627,983,814,816,28.2,59.9,8.2,WARNING
2026-09-08T18:08:52.618805,984,816,815,28.2,59.9,,NORMAL
2026-09-08T18:08:53.124029,985,825,823,28.2,59.9,,NORMAL
2026-09-08T18:08:53.599957,986,827,827,28.2,59.9,3.3,WARNING
2026-09-08T18:08:54.103864,987,830,828,28.2,59.9,3.7,WARNING
2026-09-08T18:08:54.599086,988,827,827,28.2,59.9,4.2,WARNING
2026-09-08T18:08:55.107694,989,814,819,28.2,59.9,4.2,WARNING
2026-09-08T18:08:55.608848,990,817,816,28.2,59.9,3.6,WARNING
2026-09-08T18:08:56.102046,991,816,816,28.2,59.9,3.9,WARNING
2026-09-08T18:08:56.605885,992,816,816,28.2,59.9,3.8,WARNING
2026-09-08T18:08:57.113766,993,820,819,28.2,59.9,3.8,WARNING
2026-09-08T18:08:57.618124,994,825,824,28.2,59.9,4.3,WARNING
2026-09-08T18:08:58.111199,995,828,827,28.2,59.9,3.8,WARNING
2026-09-08T18:08:58.616123,996,829,829,28.2,59.9,26.0,NORMAL
2026-09-08T18:08:59.125768,997,821,822,28.2,59.9,26.0,NORMAL
2026-09-08T18:08:59.617499,998,817,816,28.2,59.9,26.0,NORMAL
2026-09-08T18:09:00.122560,999,814,814,28.2,59.9,26.4,NORMAL
2026-09-08T18:09:00.631012,1000,811,811,28.2,59.9,26.0,NORMAL
2026-09-08T18:09:01.135888,1001,814,813,28.2,59.9,26.0,NORMAL
2026-09-08T18:09:01.623233,1002,814,814,28.2,59.9,26.0,NORMAL
2026-09-08T18:09:02.136801,1003,818,816,28.2,59.9,26.0,NORMAL
2026-09-08T18:09:02.637086,1004,823,819,28.2,59.9,26.0,NORMAL
2026-09-08T18:09:03.138671,1005,825,824,28.2,59.9,26.0,NORMAL
2026-09-08T18:09:03.645576,1006,821,822,28.2,59.9,26.0,NORMAL
2026-09-08T18:09:04.132367,1007,818,819,28.2,59.9,26.0,NORMAL
2026-09-08T18:09:04.647533,1008,816,817,28.2,59.9,26.0,NORMAL
2026-09-08T18:09:05.142018,1009,814,813,28.2,59.9,26.0,NORMAL
2026-09-08T18:09:05.654296,1010,811,811,28.2,59.9,26.0,NORMAL
2026-09-08T18:09:06.149659,1011,815,813,28.2,59.9,26.0,NORMAL
2026-09-08T18:09:06.652745,1012,815,815,28.2,59.9,26.0,NORMAL
2026-09-08T18:09:07.154036,1013,826,822,28.2,59.9,26.0,NORMAL
2026-09-08T18:09:07.662227,1014,826,825,28.2,59.9,26.0,NORMAL
2026-09-08T18:09:08.151782,1015,826,825,28.2,59.9,26.0,NORMAL
2026-09-08T18:09:08.654115,1016,823,823,28.2,59.9,26.0,NORMAL
2026-09-08T18:09:09.160211,1017,814,816,28.2,59.9,26.0,NORMAL
2026-09-08T18:09:09.661703,1018,812,813,28.2,59.9,26.0,NORMAL
2026-09-08T18:09:10.160576,1019,809,812,28.2,59.9,26.0,NORMAL
2026-09-08T18:09:10.672815,1020,810,811,28.2,59.9,26.0,NORMAL
2026-09-08T18:09:11.178098,1021,815,814,28.2,59.9,26.0,NORMAL
2026-09-08T18:09:11.675191,1022,819,816,28.2,59.9,26.0,NORMAL
2026-09-08T18:09:12.167809,1023,821,820,28.2,59.9,26.0,NORMAL
2026-09-08T18:09:12.668693,1024,823,823,28.2,59.9,26.0,NORMAL
